название программы;описание;riasec;навыки;егэ;ви;профессии
01.03.02 — Прикладная математика и информатика;Программа обеспечивает фундаментальную подготовку в математике и информатике, дополняя её современными модулями по искусственному интеллекту и жизненному циклу предприятия. В процессе обучения студенты научатся разрабатывать инновационные решения для сложных задач наукоемких производств, а специальные модули по искусственному интеллекту помогут им стать востребованными специалистами в современной технологической индустрии.;ICR;Выпускники осваивают математическое моделирование, анализ данных, программирование и системный анализ. Они умеют применять методы искусственного интеллекта, работать в команде, критически оценивать информацию и управлять проектами;Математика, Русский язык, Физика или Информатика;Общеобразовательный русский язык, Информационные технологии, Техническая физика;Специалист по анализу больших данных, аналитик данных, инженер-математик, программист, разработчик баз данных, специалист по машинному обучению, разработчик систем компьютерного зрения, руководитель проектов, разработчик программного обеспечения для автоматизации бизнес-процессов, IT-специалист
03.03.01 — Прикладные математика и физика;Программа направлена на подготовку специалистов, владеющих передовыми знаниями в физике, нанотехнологиях и информационных технологиях, программа готовит специалистов для работы в сферах научных исследований, инноваций и разработки технологий. Выпускники способны разрабатывать и внедрять процессы производства перспективных материалов, изделий нано- и микроэлектроники, электронных приборов, а также решать задачи проектирования и мониторинга сложных систем и состояния окружающей среды.;IRC;Выпускники умеют разрабатывать и применять новые технологические решения в области нанотехнологий, микроэлектроники и информационных систем. Они владеют навыками проектирования, математического моделирования и анализа сложных технических объектов, а также разработки функциональных схем и компонентов современной техники;Математика, Русский язык, Физика или Информатика или Химия;Общеобразовательный русский язык, Инженерная математика, Техническая физика;Инженер-исследователь Научный сотрудник, Инженер по проектированию вакуумного технологического оборудования, Инженер по разработке технологии производства приборов квантовой электроники и фотоники, Инженер-разработчик новых наноматерилов и наноструктур
09.03.01 — Информатика и вычислительная техника;Программы направления готовят универсальных специалистов в сфере информационных технологий, вычислительной техники и программного обеспечения. Студенты получают фундаментальные знания в области программирования, цифровой обработки данных, искусственного интеллекта, встроенных систем, САПР и микропроцессорной техники. Учебный процесс строится на балансе теории и практики: включены стажировки в индустрии, участие в международных проектах, хакатонах, конференциях и сотрудничество с преподавателями-практиками. Области применения — от авиации, медицины и цифровых продуктов до геймдева, космоса и промышленной автоматизации;IRE;Выпускники умеют программировать, разрабатывать встроенное и системное ПО, работать с нейросетями, цифровыми двойниками, САПР и ИИ-моделями. Осваивают микроконтроллеры, визуализацию, техническое моделирование и цифровую обработку сигналов. Готовы к работе в команде, умеют управлять проектами и адаптироваться к технологическим изменениям;Математика, Русский язык, Физика или Информатика;Общеобразовательный русский язык, Информационные технологии, Техническая физика;Системный аналитик, программист, инженер-программист, системный программист, инженер, разработчик Web и мультимедийных приложений, разработчик автоматизированных систем, специалист по ИИ в цифровых продуктах, специалист по визуализации, UX-специалист, инженер-исследователь, инженер-конструктор, научный сотрудник, системный администратор, системный инженер, инженер-технолог, специалист по сетям и информационным системам, гейм-дизайнер
09.03.02 — Информационные системы и технологии (Программа: Информационные технологии в дизайне);Программа направлена на подготовку высококвалифицированных специалистов в области разработки, внедрения и применения информационных систем и технологий для решения задач в сфере дизайна. Реализуются компетенции, связанные с компьютерной графикой и обработкой изображений, моделированием 3D-сцен, графическим и UI/UX дизайном, веб-дизайном, программированием на языках Python, C++, С#, Java, JavaScript, Kotlin, моделированием ИС, проектированием баз данных, использованием методов ИИ, визуализацией и анализом больших данных, технической документацией в сфере ИТ;AIC;Выпускники владеют навыками UI/UX-дизайна, 3D-моделирования, обработки изображений и графики, веб-разработки, программирования на популярных языках (Python, Java, C++, JavaScript и др.), а также создания мультимедийных решений и визуализаций с использованием методов искусственного интеллекта;Математика, Русский язык, Физика или Информатика;Общеобразовательный русский язык, Информационные технологии, Техническая физика;UI/UX-дизайнер, motion-дизайнер, гейм-дизайнер, frontend-разработчик, backend-разработчик, fullstack-разработчик, web-администратор, дизайнер компьютерной графики, программист, технический писатель, IT-консультант
09.03.02 — Информационные системы и технологии (Программа: Информационные технологии в медиаиндустрии);Программа направлена на подготовку специалистов в сфере разработки, внедрения и сопровождения информационных технологий в области медиаиндустрии. Реализуются компетенции, связанные с разработкой Web-приложений и сервисов, графическим дизайном и 3D-моделированием, программированием, использованием методов искусственного интеллекта, визуализацией и анализом больших данных, основами разработки игр, а также теории передачи и защиты информации.;AIE;Выпускники владеют навыками UI/UX-дизайна, 3D-моделирования, обработки изображений и графики, веб-разработки, программирования на популярных языках (Python, Java, C++, JavaScript и др.), а также создания мультимедийных решений и визуализаций с использованием методов искусственного интеллекта;Математика, Русский язык, Физика или Информатика;Общеобразовательный русский язык, Информационные технологии, Техническая физика;UI/UX-дизайнер, motion-дизайнер, гейм-дизайнер, frontend-разработчик, backend-разработчик, fullstack-разработчик, web-администратор, дизайнер компьютерной графики, программист, технический писатель, IT-консультант
09.03.02 — Информационные системы и технологии (Программа: Информационные системы и технологии в бизнесе);Программа направлена на подготовку специалистов в сфере разработки, внедрения и сопровождения информационных систем и технологий в бизнес-процессы. Реализуются компетенции, связанные с бизнес-аналитикой, менеджментом, интернет-маркетингом, рекламной деятельностью, администрированием в информационных системах, интернетом вещей, проектированием информационных систем, веб- и мультимедийными технологиями, программированием, использованием методов искусственного интеллекта, визуализацией и анализом больших данных, сбором, обработкой и хранением информации;IEC;Выпускники владеют навыками проектирования информационных систем и баз данных, анализа и визуализации данных, программирования на популярных языках (Python, Java, C++, JavaScript и др.), тестирования ПО, написания технической документации, а также использования методов искусственного интеллекта и работы с ИТ-продуктами в бизнес-среде;Математика, Русский язык, Физика или Информатика;Общеобразовательный русский язык, Информационные технологии, Техническая физика;ERP-программист, программист, консультант по ERP-системе, консультант по SAP, консультант по ИТ-системе, web-дизайнер, web-программист, web-администратор, администратор баз данных, программист баз данных, системный аналитик, специалист SAP, SMM-маркетолог, IoT-специалист, таргетолог
09.03.03 — Прикладная информатика(Программа: Прикладная информатика и программирование);Программа профиля готовит бакалавров - программистов, владеющих широким спектром инструментальных средств, знакомых со всеми типами программного обеспечения, владеющих всеми видами современных компьютерных технологий: объектно-ориентированное, системное, функциональное, логическое, визуальное программирование, графические системы, системы искусственного интеллекта и т.д.;IRC;Выпускники умеют разрабатывать прикладное программное обеспечение и работать с современными базами данных. Осваивают объектно-ориентированное программирование, умеют адаптировать ПО под требования задач, управлять данными и сопровождать информационные системы в реальных проектах;Математика, Русский язык, Физика или Информатика;Общеобразовательный русский язык, Информационные технологии, Техническая физика;Разработчик прикладного программного обеспечения, разработчик баз данных (Frontend и Backend), Web-программист, системный администратор, специалист по информационному сопровождению проектов, разработчик мобильных приложений, специалист по машинному обучению
09.03.03 — Прикладная информатика(Программа: Прикладная информатика в информационной сфере);Подготовка бакалавров направлена на формирование компетенций специалистов по информационным системам, способных поводить аналитические исследования и анализ данных с использованием искусственного интеллекта с акцентом на методы машинного обучения, определять и анализировать требования к автоматизации информационных процессов, проектировать, разрабатывать и внедрять информационные системы и сервисы на основе цифровых программно-аппаратных платформ, принимать участие в управлении ИТ-проектами;IEC;Выпускники умеют анализировать и обрабатывать данные с использованием ИИ и методов машинного обучения, проектировать и внедрять информационные системы и цифровые платформы, участвовать в управлении ИТ-проектами, разрабатывать решения на основе кластеризации, регрессии, моделирования и статистического анализа;Математика, Русский язык, Физика или Информатика;Общеобразовательный русский язык, Информационные технологии, Техническая физика;Системный аналитик, инженер-программист, администратор баз данных, руководитель проектов, специалист по информационным системам, UX/UI-дизайнер, программист, инженер по тестированию, инженер по сопровождению ПО, AI-разработчик
09.03.03 — Прикладная информатика(Программа: Интеллектуальные информационные системы и технологии);Программа готовит специалистов в области интеллектуальных систем, инженерии знаний и анализа больших данных. Обучение охватывает математические основы ИИ, методы управления, машинное обучение и разработку интеллектуальных ИТ-систем. Выпускники умеют собирать и обрабатывать большие объемы данных, формулировать и решать задачи классификации, кластеризации, регрессии и анализа текстов. Осваиваются аппаратные, программные и алгоритмические компоненты, позволяющие создавать ИИ-системы для разных сфер;IAC;Выпускники умеют работать с большими объемами данных, применять методы машинного обучения и искусственного интеллекта для аналитики и автоматизации. Знают подходы инженерии знаний, осваивают проектирование и внедрение интеллектуальных ИС в различных предметных областях;Математика, Русский язык, Физика или Информатика;Общеобразовательный русский язык, Информационные технологии, Техническая физика;Выпускники умеют работать с большими объемами данных, применять методы машинного обучения и искусственного интеллекта для аналитики и автоматизации. Знают подходы инженерии знаний, осваивают проектирование и внедрение интеллектуальных ИС в различных предметных областях
09.03.04 — Программная инженерия;Программа бакалавриата реализуется в очной и заочной формах обучения. Образовательная программа направлена на методологию проектирования программных систем различного применения, включая области ракетно-космической техники. Реализуются компетенции, связанные с анализом, формализацией знаний, системами искусственного интеллекта, нейронными сетями, технологиями «больших данных» и другими современными направлениями. Особенностью образовательной программы по направлению «Программная инженерия» является ее ориентация на технологии проектирования программного обеспечения с использованием современной методологии программной инженерии, что позволяет выпускникам быстрее адаптироваться к особенностям работы на предприятиях реального сектора экономики.;IAR;Выпускники владеют навыками проектирования, разработки и тестирования ПО с использованием современных языков программирования, методологий Agile и DevOps. Умеют анализировать требования, разрабатывать архитектуру, проводить анализ данных, управлять проектами и командой, презентовать технические решения, а также учитывать этические аспекты технологий.;Математика,Русский язык,Физика или Информатика;Общеобразовательный русский язык, Информационные технологии, Техническая физика;Программист, аналитик, тестировщик программных систем, инженер-программист, инженер по качеству, системный аналитик, project-менеджер, инженер по требованиям, DevOps-инженер
09.05.01 — Применение и эксплуатация автоматизированных систем специального назначения(Программа: Автоматизированные системы обработки информации и управления);Программа готовит высококлассных специалистов в области ИТ, встроенных систем и программного обеспечения, конкурентоспособных на российском и международном рынках. Студенты получают глубокую теоретическую и практическую подготовку по разработке и эксплуатации автоматизированных систем. Специализация охватывает компьютерные и программные системы для различных областей с высокой степенью ответственности, от авиации до интернета вещей. У студентов есть возможность стажировок, обучения в Европе и Азии, участия в мультидисциплинарных проектах, международных конференциях и конкурсах. Лекции ведут преподаватели, работающие в реальных проектах и передающие современные знания.;ICR;Выпускники умеют разрабатывать ПО для встроенных систем, работать с микроконтроллерами, бортовыми сетями и цифровой обработкой сигналов. Осваивают современные методы ИИ, работают с системами обмена данными, цифровыми двойниками и встраиваемыми вычислительными средствами;Математика, Русский язык, Физика или Информатика;Общеобразовательный русский язык, Информационные технологии, Техническая физика;Системный аналитик, системный программист, программист, специалист по информационным системам, инженер, инженер-программист
09.05.01 — Применение и эксплуатация автоматизированных систем специального назначения(Программа: Эксплуатация вычислительных машин, комплексов, систем и сетей специального назначения);Программа готовит высококлассных специалистов широкого профиля в области информационных технологий, вычислительной техники и программного обеспечения, встроенных систем, успешно конкурирующих на российском и международном рынке труда с выпускниками самых престижных университетов. Знания, передаваемые студентам, охватывают самый высокотехнологичный рынок, области передовых научных исследований и разработок, используемые повсюду: от самолетов, кораблей и космических аппаратов до транспортных систем, автомобилей, медицинского оборудования и смартфонов. Лекции читают преподаватели, работающие в реальных российских и международных проектах, способные передать современные фронтирные знания по каждому из предметов.;RCI;Студенты изучают программирование, технологии связи и обмена данными в бортовых сетях, схемотехнику, цифровую обработку сигналов, ИИ и САПР. Умеют работать с микроконтроллерами, разрабатывать встроенное ПО и проектировать цифровые двойники систем;Математика,Русский язык,Физика или Информатика;Общеобразовательный русский язык, Информационные технологии, Техническая физика;Системный аналитик, системный программист, программист, оператор систем и сетей специального назначения, инженер, инженер-программист
09.05.01 — Применение и эксплуатация автоматизированных систем специального назначения(Программа: Математическое, программное и информационное обеспечение вычислительной техники и автоматизированных систем);Программа готовит специалистов широкого профиля в области ИТ, программного обеспечения, встраиваемых систем и автоматизации. Обучение включает теоретическую и практическую подготовку в разработке и эксплуатации систем обработки информации. Студенты изучают компьютерные и программные системы для авиации, космоса, Интернета вещей и киберфизических систем, проходят стажировки и обучение в вузах Европы и Азии, участвуют в проектах и хакатонах. Преподают эксперты с опытом в реальных проектах.; IAR;Выпускники умеют проектировать и настраивать инфраструктуру вычислительных сетей под технические требования. Осваивают САПР, программирование, цифровую обработку сигналов и изображений, работу с нейронными сетями. Способны создавать ПО для встроенных систем и участвовать в разработке сложных автоматизированных комплексов;Математика, Русский язык, Физика или Информатика;Общеобразовательный русский язык, Информационные технологии, Техническая физика;Системный аналитик, системный программист, программист, специалист по коммуникационным технологиям, инженер, инженер-программист
10.03.01 — Информационная безопасность;Программа направлена на подготовку бакалавров в области разработки, администрирования и эксплуатации средств защиты информации на предприятии, организации технологий комплексной защиты информации.;CIR;Выпускники умеют выявлять угрозы безопасности, оценивать уязвимости и риски, выбирать и настраивать средства защиты, управлять системами информационной безопасности. Ориентируются в правовой документации, владеют техническими средствами обеспечения ИБ.;Математика, Русский язык, Физика или Информатика;Общеобразовательный русский язык, Информационные технологии, Техническая физика;Специалист по информационной безопасности, аудитор ИБ, инженер по защите информации, администратор безопасности, специалист по техническому контролю, консультант по ИБ, пентестер, специалист по нормативной документации
10.05.03 — Информационная безопасность автоматизированных систем;Программа предполагает подготовку специалистов, владеющих знаниями методов и технологий защиты информационных систем, сервисов и ресурсов, объектов критической информационной инфраструктуры, персональных данные и других информационных объектов, защита которых предусмотрена требованиями нормативных документов. Специалисты получают умения по выявлению угроз и уязвимостей безопасности информации, проектированию и разработке защищённых сетевых технологий, баз данных, операционных систем, анализу и оценке рисков информационной безопасности, созданию систем защиты от внешних и внутренних нарушителей. Выпускники обладают в полной мере знаниями существующих ИТ-технологий и способны вести научно-исследовательскую работу в области защиты информационных систем. Полученные специалистами знания и навыки позволяют работать как в сфере чистого ИТ, так и на должностях по информационной безопасности.;RIC;Выпускники владеют современными методами защиты информации, умеют выявлять угрозы, проектировать безопасные сети и системы, оценивать уязвимости и устранять последствия атак. Осваивают принципы техразведки, ведут исследовательскую работу в области ИБ;Математика, Русский язык, Физика или Информатика;Общеобразовательный русский язык, Информационные технологии, Техническая физика;Инженер, защищающий информационные системы, специалист по ИБ 1 категории, специалист по ИБ высшей категории, инженер-программист по защите технических ИС 1 категории, инженер-программист по защите технических ИС высшей категории
10.05.05 — Безопасность информационных технологий в правоохранительной сфере;Программа предполагает подготовку специалистов, имеющих глубокие знания в области информационных систем и технологий, технического, программно-аппаратного, организационного и правового обеспечения информационной безопасности. Обладают навыками проведения компьютерной и сетевой экспертизы, основами аудита информационной безопасности информационных систем, основами мониторинга киберугроз. Студенты углублённо изучают методы форензики и средств их реализации с применением методов искусственного интеллекта. Выпускники способны расследовать инциденты информационной безопасности, проводить анализ и проектирование комплексных системы защиты информации.;ESC;Выпускники умеют проводить аудит и мониторинг киберугроз, использовать специализированные программные средства для расследования инцидентов, обеспечивать безопасность критической ИТ-инфраструктуры и банковских систем, применять меры по защите информации в правоохранительной и государственной сферах;Математика, Русский язык, Физика или Информатика;Общеобразовательный русский язык, Информационные технологии, Техническая физика;Специалист по информационной безопасности, ИТ-аудитор, специалист по криптозащите, криминалист, консультант по индивидуальной безопасности, киберследователь, дистанционный руководитель по безопасности, разработчик защитного ПО, аналитик по ИБ, медиаполицейский
11.03.01 — Радиотехника(Программа: Радиотехнические системы радиолокации и радионавигации);Программа готовит специалистов по радиотехническим системам, способных разрабатывать и применять радиолокационные и радионавигационные технологии для мониторинга, навигации и управления. Студенты осваивают цифровую обработку сигналов, проектирование антенн и радиочастотных устройств, программирование систем управления, защиту передаваемой информации и интеграцию радиосистем в информационные сети. Выпускники умеют моделировать сигналы в различных средах, обеспечивать устойчивость систем к помехам и реализовывать автоматическое управление на основе радиоданных.;IRE;Умение разрабатывать цифровые и микропроцессорные компоненты радиосистем. Навыки проектирования, моделирования и программирования радиотехнических устройств и систем связи;Математика, Русский язык, Физика или Информатика или Химия;Общеобразовательный русский язык, Инженерная математика, Техническая физика;Инженер по разработке радиолокационных систем, инженер по разработке радионавигационных систем, инженер-радиотехник по проектированию и тестированию беспилотных транспортных систем, специалист в области аппаратно-программных средств цифровой обработки сигналов, специалист по радионавигации и системам управления беспилотными летательными аппаратами, программист микропроцессорных систем
11.03.01 — Радиотехника(Программа: Радиотехнические системы и их эксплуатация);Программа готовит специалистов по радиотехническим системам, способных разрабатывать и применять радиолокационные и радионавигационные технологии для мониторинга, навигации и управления. Студенты осваивают цифровую обработку сигналов, проектирование антенн и радиочастотных устройств, программирование систем управления, защиту передаваемой информации и интеграцию радиосистем в информационные сети. Выпускники умеют моделировать сигналы в различных средах, обеспечивать устойчивость систем к помехам и реализовывать автоматическое управление на основе радиоданных.;RCI;Умение создавать интерфейсы нейросетей на уровне аппаратного и программного обеспечения. Владение алгоритмами обработки сигналов и данными в реальном времени на аппаратных ресурсах;Математика, Русский язык, Физика или Информатика или Химия;Общеобразовательный русский язык, Инженерная математика, Техническая физика;Специалист по разработке систем автоматизации технологических процессов, Специалист по разработке низкоуровневого ПО, Специалист по радиотехническим устройствам, Инженер-программист ПЛИС
11.03.01 — Радиотехника(Программа: Радиотехнические технологии и аппаратный интерфейс нейронных сетей;Программа готовит специалистов в области проектирования аппаратных интерфейсов нейронных сетей для радиотехнических систем. Обучение охватывает разработку алгоритмов обработки данных в реальном времени, встраивание нейросетевых решений в беспилотные платформы, программирование на низком и высоком уровне, а также обеспечение взаимодействия с автономными датчиками. Особое внимание уделяется работе с большими данными, устойчивости систем и энергоэффективности решений.;CRI;Разработка интерфейсов нейросетей в радиотехнике. Интеграция нейросетей в аппаратную часть. Создание алгоритмов обработки данных в реальном времени;Математика, Русский язык, Физика или Информатика или Химия;Общеобразовательный русский язык, Инженерная математика, Техническая физика;Инженер по разработке интерфейсов нейронных сетей, инженер радиотехнических систем с ИИ, разработчик встроенного ПО для нейросетевых платформ, специалист по аппаратной интеграции нейросетей, программист нейроморфных систем
11.03.02 — Инфокоммуникационные технологии и системы связи(Программа: Коммуникационные технологии Интернета вещей);Образовательная программа нацелена на подготовку специалистов в областях обработки информации, систем и средств связи, Интернета вещей. В учебный план включены дисциплины, связанные с математическим моделированием устройств и систем, оптимизацией инфокоммуникационных систем, беспроводной связью, машинным обучением и искусственным интеллектом, проектированием, прототипированием и анализом эффективности систем Интернета вещей и их отдельных компонентов, что позволяет нашим выпускникам быть на пике востребованности.;ICR;Разработка и сопровождение информационных систем для Интернета вещей. Применение технологий ИИ и машинного обучения для анализа данных. Создание систем сбора, обработки и хранения информации от подключенных устройств;Математика,Русский язык,Физика или Информатика;Общеобразовательный русский язык, Инженерная математика, Техническая физика;Инженер-разработчик в области Интернета вещей, специалист по анализу данных и машинному обучению, исследователь киберфизических систем, разработчик ПО для IoT-платформ, специалист по радиосвязи и телекоммуникациям
11.03.02 — Инфокоммуникационные технологии и системы связи(Программа: Программно-защищенные инфокоммуникации);Образовательная программа нацелена на подготовку специалистов в областях обработки информации, систем и средств связи, предусмотрено изучение вопросов программной защиты от несанкционированного доступа, включая локальные, корпоративные и вычислительные сети, в том числе Internet. В учебный план включены дисциплины, связанные с математическим моделированием устройств и систем, оптимизацией инфокоммуникационных систем, беспроводной связью, машинным обучением и искусственным интеллектом, защищенной передачей данных, что позволяет нашим выпускникам быть на пике востребованности.;CIR;Проектирование и настройка телекоммуникационных систем, включая облачные, распределённые и встраиваемые решения. Работа с протоколами передачи данных, ИКТ-сервисами и системами связи. Анализ и обработка больших данных с применением ИИ и машинного обучения для оптимизации сетевой инфраструктуры;Математика,Русский язык,Физика или Информатика;Общеобразовательный русский язык, Инженерная математика, Техническая физика;Инженер по сетевым технологиям, разработчик протоколов связи, специалист по ИИ в телекоммуникациях, системный администратор ИКТ, разработчик телеком-софта, аналитик данных в киберфизических системах
11.03.03 — Конструирование и технология электронных средств;Образовательная программа «Конструирование и технология электронных средств» сегодня является одной из передовых направлений в области разработки электронно-вычислительных средств, в том числе средств с применением технологий компьютерного зрения, машинного обучения и комплексной обработки больших объёмов данных и прочих электронных средств с искусственным интеллектом.;REC;Анализ и интерпретация данных, работа с современными электронными средствами. Участие в разработке, настройке, тестировании и обслуживании опытных образцов техники;Математика,Русский язык,Физика или Информатика или Химия;Общеобразовательный русский язык, Инженерная математика, Техническая физика;Инженер-конструктор, инженер-исследователь, инженер-электронщик, оператор электронных систем, научный сотрудник, техник по настройке и обслуживанию, специалист по проектированию электронного оборудования
11.03.04 — Электроника и наноэлектроника;Электроника и наноэлектроника сегодня являются неотъемлемой частью систем и оборудования для самых различных областей науки и техники: авиационной и космической, военной и гражданской, средств радиоэлектроники и телекоммуникаций, цифровой электросвязи, медицинской аппаратуры. Областью профессиональной деятельности выпускника является производство электронных средств.;IRE;Сбор, обработка и интерпретация научных данных. Участие в разработке, наладке, испытаниях и сопровождении электронных устройств. Знание современных технологий производства и умение профессионально работать с актуальным оборудованием;Математика,Русский язык,Физика или Информатика или Химия;Общеобразовательный русский язык, Инженерная математика, Техническая физика;Инженер-электронщик, инженер-схемотехник, радиоинженер, наноинженер, инженер-технолог, метролог, программист-разработчик, наладчик технологического оборудования
11.05.01 — Радиоэлектронные системы и комплексы;Программа ориентирована на подготовку специалистов, способных проектировать, анализировать и сопровождать сложные радиоэлектронные системы для передачи информации. Обучение включает изучение принципов построения и функционирования систем радиосвязи, радиолокации, навигации и телекоммуникаций, а также нормативных требований и методов технического и экономического обоснования. Особое внимание уделяется практическим навыкам разработки и тестирования аппаратуры, управлению качеством и соблюдению стандартов, обеспечению безопасности, организации работы команд и ведению проектной документации;RCI;Разработка и проверка радиоэлектронных систем связи. Технико-экономическое обоснование проектов. Подготовка документации, тестирование, управление качеством и безопасностью;Математика,Русский язык,Физика или Информатика или Химия;Общеобразовательный русский язык, Инженерная математика, Техническая физика;Радиоинженер, инженер связи, специалист по радиосвязи и телекоммуникациям, инженер-конструктор радиоэлектронной аппаратуры, инженер по приборам ориентации и навигации, бортинженер
12.03.01 — Приборостроение;Программа «Авиационные приборы и измерительно-вычислительные комплексы» готовит специалистов в области разработки и эксплуатации авиационного оборудования (авионики), которое включает датчики, измерительные модули, пилотажно-навигационные системы, блоки диагностики и контроля, а также вычислительные устройства. Эта техника применяется как в летных, так и в наземных испытаниях и обеспечивает точность и надежность работы авиационных и других транспортных средств. Обучение охватывает широкий спектр инженерных дисциплин — от микроэлектроники и мехатроники до программирования и искусственного интеллекта.;RIC;Проектирование и обоснование радиоэлектронных устройств и систем. Анализ и расчет компонентов, узлов и блоков РЭС. Подготовка технической документации, организация испытаний, расчет экономической целесообразности. Управление качеством и безопасностью, защита интеллектуальной собственности, работа в командах;Математика, Русский язык, Физика или Информатика или Химия;Общеобразовательный русский язык, Инженерная математика, Техническая физика;Радиоинженер, инженер связи, инженер-конструктор радиоэлектронной аппаратуры, специалист по телекоммуникациям, инженер по радионавигации, инженер по приборам ориентации и стабилизации, бортинженер
12.03.02 — Оптотехника;Программа готовит инженеров, способных проектировать, разрабатывать и сопровождать оптические и оптико-электронные приборы и системы. Обучение охватывает схемотехнику, оптическую электронику, методы обработки оптической информации, программные инструменты проектирования. Выпускники работают в сфере электронной промышленности, приборостроения, а также на предприятиях оборонного и гражданского профиля.;CIR;Выпускники умеют разрабатывать проектную и техническую документацию, анализировать научно-техническую информацию, проектировать и моделировать оптические и оптико-электронные приборы. Осваивают программные средства для схемотехники, учитывают техтребования и полный жизненный цикл изделий;Математика, Русский язык, Физика или Информатика или Химия;Общеобразовательный русский язык, Инженерная математика, Техническая физика;Инженер-проектировщик, инженер-конструктор, инженер по оптоэлектронным системам, инженер по элементной базе, разработчик оптических приборов, специалист по системам визуализации, специалист по обработке оптических данных, инженер по сопровождению производства, инженер-технолог в области оптотехники
12.03.04 — Биотехнические системы и технологии;Программа подготовки бакалавров, осуществляющих профессиональную деятельность в области проектирования, метрологического контроля, ремонта и обслуживания медицинской техники. Обучение проводится на стыке двух направлений – технического и биологического (медицинского). В перечень изучаемых предметов входят естественно-научные и инженерно-технические дисциплины.;ICE;Выпускники умеют проектировать и разрабатывать медицинскую технику, биомеханические и реабилитационные устройства. Обладают навыками научной работы, анализа данных, создания протезов и диагностических комплексов;Математика,Русский язык,Информатика или Физика или Химия;Общеобразовательный русский язык, Инженерная математика, Техническая физика;Инженер по медицинским аппаратам, инженер-исследователь, специалист по биомедицинским технологиям, разработчик медтехники, инженер по диагностике, разработчик систем реабилитации и протезирования, специалист по проектированию медицинских устройств
12.03.05 — Лазерная техника и лазерные технологии;Лазерная техника и лазерные технологии сегодня являются неотъемлемой частью систем и оборудования для самых различных областей науки и техники: авиационной и космической, военной и вычислительной, средств телекоммуникаций, цифровой электросвязи, обработки материалов, медицинской аппаратуры, экологического мониторинга, бытовой радиоэлектроники, офисного оборудования и оргтехники. Областью профессиональной деятельности выпускника является производство, эксплуатация и внедрение электронного и лазерно-оптического оборудования.;CIR;Владение методами интерпретации научных данных и практических работ. Навыки сборки, наладки, испытаний и ремонта лазерных систем. Знание САПР и современных технологий в области лазеров и оптоэлектроники;Математика, Русский язык, Физика или Информатика или Химия;Общеобразовательный русский язык, Инженерная математика, Техническая физика;Оптик, инженер по лазерной технике, инженер по применению, сервисный инженер, оператор лазерных установок, научный сотрудник, инженер по испытаниям
13.03.02 — Электроэнергетика и электротехника;Образовательная программа направлена на изучение современных технологий и методов в области электроэнергетики и электротехники, с пониманием процессов разработки и применения цифровых решений в энергетике. В рамках этой программы студенты узнают об особенностях проектирования, управления и эксплуатации оборудования электроэнергетических систем, изучат принципы генерации передачи и распределения электроэнергии, а также специфику режимов работы электрических сетей;ICE;Выпускники владеют методами цифрового проектирования, анализа и управления электроэнергетическими системами. Умеют применять ИИ, использовать CAD/CAE-системы, работать с цифровыми платформами и автоматизированными САПР;Математика, Русский язык, Физика или Информатика или Химия;Общеобразовательный русский язык, Инженерная математика, Техническая физика;Инженер-технолог, инженер-энергетик, инженер-конструктор, инженер-проектировщик, инженер по электроэнергетическим системам и цифровому управлению, инженер-электрик, электромеханик, инженер по оборудованию, ведущий инженер, специалист по подключению, специалист по интеллектуальному учёту, научный сотрудник.
13.05.02 — Специальные электромеханические системы;Специальные электромеханические системы неразрывно связаны с поиском новых решений в области повышения энергоэффективности, улучшения качества и повышения продуктивности использования энергетических ресурсов, модернизацией и цифровизацией отрасли, внедрением и синтезом компьютерных и интеллектуальных технологий. Исследования в области автоматизации измерений, повышение энергоэффективности, энергосбережения и качества электроэнергии в электрических сетях – приоритетные направления развития отрасли. На кафедре 32 Электромеханики и робототехники созданы все условия, при которых обучающиеся смогут применять полученные ими теоретические знания в ситуациях практической деятельности, развивать универсальные, общепрофессиональные и профессиональные компетенции, предусмотренные образовательной программой.;RIC;Выпускник умеет проектировать и обслуживать электромеханические системы с учётом требований энергоэффективности и надёжности. Знает принципы эксплуатации, методы контроля и диагностики оборудования, а также обладает аналитическим мышлением и умением принимать технически обоснованные решения;Русский язык, Математика, Физика или Информатика или Химия;Общеобразовательный русский язык, Инженерная математика, Техническая физика;Инженер-проектировщик, инженер-конструктор, инженер-электрик, инженер-системотехник, инженер электронной техники, электромеханик, ведущий инженер, научный сотрудник, заведующий лабораторией / отделом. Уровень образования: специалитет
15.03.04 — Автоматизация технологических процессов и производств;Программа готовит специалистов в области автоматизации производственных процессов и технологических систем. Обучение охватывает электротехнику, аналоговую и цифровую электронику, основы автоматики и проектирования исполнительных устройств. Особое внимание уделяется программированию, схемотехнике, контролю и диагностике систем. Студенты получают навыки системного анализа, управления проектами и оптимизации процессов. Выпускники способны проектировать и внедрять автоматизированные решения на производстве, эффективно работать в инженерных командах и заниматься технической поддержкой оборудования.;REI;Выпускник умеет проектировать системы управления, обладает навыками программирования, схемотехники, анализа данных и оптимизации производственных процессов. Развиты компетенции в управлении проектами и инженерном взаимодействии;Математика, Русский язык, Физика или Информатика или Химия;Общеобразовательный русский язык, Инженерная математика, Техническая физика;Инженер по автоматизации и механизации производств, специалист по системам управления, инженер-системотехник, инженер-программист, инженер по наладке и испытаниям, инженер технической поддержки.
15.03.06 — Мехатроника и робототехника;Программа ориентирована на подготовку специалистов в области цифрового проектирования и инжиниринга робототехнических систем. Обучение охватывает полный цикл — от научных исследований и проектирования до эксплуатации и сервисного обслуживания роботизированных комплексов. Особое внимание уделяется программному обеспечению, системам управления, мобильной и промышленной робототехнике, а также принципам автоматизации и мехатроники.;ICR;Выпускники знают алгоритмы управления роботами, языки программирования, методы цифрового проектирования, мехатронные и CAD/CAE-системы. Умеют разрабатывать робототехнические комплексы, управлять мобильными и промышленными роботами, выполнять настройку, наладку и оценку эффективности автоматизированных систем;Математика, Русский язык,Физика или Информатика или Химия;Общеобразовательный русский язык, Инженерная математика, Техническая физика;Инженер-конструктор, инженер-проектировщик, инженер-схемотехник, инженер электронной техники, кибернетик, разработчик программного обеспечения, проектировщик мобильной робототехники, проектировщик промышленной робототехники, робототехник, проектировщик-эргономист роботизированных систем, ведущий инженер, младший научный сотрудник, заведующий лабораторией.
20.03.01 — Техносферная безопасность;Программа направлена на подготовку специалистов для работы на высокотехнологичных производствах, способных внедрять и грамотно использовать инновационные информационные технологии и цифровые методы управления техносферной и экологической безопасностью. Выпускники образовательной программы получают уникальный набор инженерных и цифровых компетенций для прогнозирования, предотвращения и ликвидации техногенных опасностей и рисков с использованием информационных технологий, в том числе интеллектуальных.;ICS;Умение анализировать риски, выявлять потенциальные угрозы и предлагать инженерные решения в сфере безопасности. Владение цифровыми инструментами и знание нормативов по охране окружающей среды и техносферной безопасности;Математика, Русский язык, Физика или Информатика или Химия;Общеобразовательный русский язык, Инженерная математика, Техническая физика;Инженер в сфере охраны окружающей среды и безопасности технологических процессов, аналитик рисков и безопасности технологических процессов, инженер-проектировщик в области охраны окружающей среды и безопасности технологических процессов.
23.03.01 — Технология транспортных процессов;Образовательная программа направлена на подготовку специалистов в сфере технологии, планирования и управления эксплуатацией транспортных систем. Студенты изучают логистику, моделирование транспортных процессов, эксплуатацию беспилотных систем, вопросы безопасности и взаимодействия различных видов транспорта. Особое внимание уделяется практической подготовке в области транспортной логистики, цепей поставок и информационных систем.;CIE;Выпускники умеют организовывать логистическую деятельность и решать задачи транспортной логистики в цепях поставок. Анализируют эффективность перевозок с помощью моделей и систем мониторинга. Осваивают интеллектуальные транспортные системы и работу с беспилотными авиационными системами;Математика, Русский язык, Физика или Информатика или Химия;Общеобразовательный русский язык, Инженерная математика, Техническая физика;Специалист в области транспортных процессов, специалист в области управления цепями поставок, специалист в области логистики, архитектор интеллектуальных систем управления беспилотного транспорта, инженер по обслуживанию транспорта, инженер по организации перевозок и управлению на транспорте, специалист по закупкам, аналитик цепей поставок, логист, менеджер по логистике, оператор автоматизированных транспортных систем
24.03.02 — Системы управления движением и навигация;Цель программы: получить знания о том, как создавать алгоритмы навигации и управления подвижными объектами, проектировать прецизионные приборы и агрегаты систем управления, разрабатывать математические модели динамических систем. Обучающиеся по данной образовательной программе работают над реальным проектом по синтезу системы стабилизации с использованием компьютерных методов обработки информации на профильных предприятиях.;IAR;Студенты изучают основы гироскопических систем, осваивают специализированное ПО. Формируются навыки системного мышления, коммуникации и проектной работы в инженерной среде;Математика, Русский язык, Физика или Информатика или Химия;Общеобразовательный русский язык, Инженерная математика, Техническая физика;Инженер-конструктор, инженер по системам ориентации, инженер по навигационному оборудованию, инженер по управлению движением, инженер-испытатель, инженер по автоматизированным системам управления, инженер-расчётчик, инженер по аэрокосмическим системам
24.05.06 — Системы управления летательными аппаратами;Образовательная программа направлена на изучение приборов и систем ориентации и управления, пилотажно-навигационные и электроэнергетические комплексы летательных аппаратов и подвижных объектов других типов, методов их исследования, принципов и способов проектирования и производства, методов и средств испытаний и контроля приборов, систем и комплексов в целом. Эта программа специализируется на получении знаний по автоматизации процессов управления движением летательных аппаратов и методологии разработки программного обеспечения для систем управления любых подвижных объектов.;REI;Студенты учатся планировать эксплуатацию авиационной техники, анализировать её надёжность и проводить профилактику неисправностей. Осваивают экономический анализ, документацию и управление техпроцессами;Русский язык, Математика, Физика или Информатика или Химия;Общеобразовательный русский язык, Инженерная математика, Техническая физика;Инженер-конструктор, специалист по разработке и реализации систем управления летательными аппаратами. Уровень образования: специалитет
25.03.01 — Техническая эксплуатация летательных аппаратов и двигателей;В ходе обучения по программе студенты получают знания по организации и выполнению технического обслуживания авиационной техники, комплексной подготовки к полету, по конструкции планера самолета, шасси, системе управления самолетом и механизацией крыла. Назначение и принципиальная схема работы топливной системы летательных аппаратов. Назначение и принципиальная схема противообледенительной системы. Основное назначение и характеристики электроснабжения. Студенты изучают динамику полета, инженерную и компьютерную графику, моделирование систем и процессов, техническую диагностику, основы теории технической эксплуатации летательных аппаратов, теоретическую механику.;IRS;Студенты учатся планировать эксплуатацию авиационной техники, анализировать её надёжность и проводить профилактику неисправностей. Осваивают экономический анализ, документацию и управление техпроцессами;Математика, Русский язык, Физика или Информатика или Химия;Общеобразовательный русский язык, Инженерная математика, Техническая физика;Диагностик, специалист по эксплуатации систем, инженер по техническому обслуживанию в авиакомпании, сотрудник аэропорта, Инженер-авионик, Специалист по авиационным системам, Инженер по эксплуатации навигационного оборудования, Инженер по системам управления полётами
25.03.02 — Техническая эксплуатация авиационных электросистем и пилотажно-навигационных комплексов боевых летательных аппаратов;Изучение бортовых систем электроснабжения, электрифицированное оборудование, информационно-измерительные приборы, системы и комплексы, вычислительные устройства и системы, системы автоматического управления и пилотажно-навигационные комплексы, автоматизированные системы контроля как объекты технической эксплуатации БпЛА.;RCI;Выпускники умеют организовывать и планировать эксплуатацию авиационных электросистем и навигационных комплексов. Они владеют навыками технической диагностики, военного ремонта, управления ресурсами и обеспечения безопасности полётов;Математика, Русский язык, Физика или Информатика или Химия;Общеобразовательный русский язык, Инженерная математика, Техническая физика;Авиационный механик, авиационный инженер, военный инженер, инженер по авионике, инженер по эксплуатации, оператор БПЛА для разведки месторождений, оператор БПЛА
25.05.03 — Техническая эксплуатация транспортного радиооборудования;Программа готовит специалистов по эксплуатации и техническому обслуживанию радиоэлектронного оборудования, обеспечивающего безопасность и эффективность воздушного движения. Студенты изучают принципы работы радиотехнических систем, основы электросвязи, радионавигации и радиообмена, методы профилактики и ремонта, а также работу дежурных смен служб ЭРТОС. В процессе обучения приобретаются знания по нормативной документации, организации обслуживания на аэродромах и трассах, статистике отказов и планированию техобслуживания.;CRE;Выпускники умеют эксплуатировать и обслуживать радиоэлектронные средства аэродромов и трасс, выполнять профилактику, ремонт, диагностику и настраивать аппаратуру. Они анализируют надёжность оборудования, составляют планы, ведут отчётность и готовы к оперативным действиям в нештатных ситуациях;Русский язык, Математика, Физика или Информатика или Химия;Общеобразовательный русский язык, Инженерная математика, Техническая физика;специалист по эксплуатации транспортного радиоэлектронного оборудования, старший инженер объекта РТОП, технолог по ремонту средств радиотехнического обеспечения, начальник цеха ремонтного предприятия, начальник службы ЭРТОС, инженер по транспортному радиооборудованию, инженер по эксплуатации радиоэлектронных средств, инженер-электроник по эксплуатации источников электропитания. Уровень образования: специалитет
27.03.01 — Стандартизация и метрология;Цель программы — подготовка квалифицированных специалистов в области метрологии и метрологического обеспечения научной деятельности и производства. Программа включает общую инженерную подготовку, углублённое изучение стандартов и практикоориентированное обучение цифровой метрологии.;ISC;Выпускники умеют анализировать информацию, проводить поверку и калибровку измерительного оборудования, выявлять несоответствия продукции требованиям. Осваивают стандартизацию, метрологическое обеспечение и цифровые методы контроля;Математика, Русский язык, Физика или Информатика или Химия;Общеобразовательный русский язык, Инженерная математика, Техническая физика;Научный сотрудник научных организаций метрологического профиля, сотрудник/начальник отдела технического контроля производственной организации, сотрудник/начальник метрологической службы организации, руководитель метрологической службы организации, руководитель сектора стандартизации
27.03.02 — Управление качеством;Цель программы — подготовка квалифицированных специалистов в области метрологии и стандартизации, владеющих цифровыми технологиями. Обучение включает общеинженерную подготовку, глубокое изучение стандартов и цифровой метрологии. Выпускники умеют анализировать, проверять и калибровать измерительное оборудование, обеспечивать метрологическое сопровождение в организациях и участвовать в повышении качества продукции.;CIE;Выпускники владеют критическим анализом информации, умеют оценивать метрологическое состояние организации, выполнять поверку и калибровку средств измерений. Обладают знаниями в области стандартизации, цифровых инструментов и организации метрологического обеспечения;Математика, Русский язык, Физика или Информатика или Химия;Общеобразовательный русский язык, Инженерная математика, Техническая физика;Научный сотрудник научных организаций метрологического профиля, Сотрудник/начальник отдела технического контроля производственной организации, сотрудник/начальник метрологической службы организации, руководитель метрологической службы организации, руководитель сектора стандартизации
27.03.03 — Системный анализ и управление;Программа готовит специалистов, способных анализировать, моделировать и управлять сложными системами в самых разных сферах — от промышленности до социума. Особое внимание уделяется интеграции ИТ, автоматизации и цифровых двойников. Студенты осваивают математическое моделирование, информационные технологии, проектирование систем управления и прикладное программирование. Выпускники способны строить комплексные модели, оценивать результаты и автоматизировать принятие решений, включая задачи в робототехнике и цифровом производстве.;ICE;Студенты умеют строить математические и имитационные модели, разрабатывать системы управления и автоматизации, анализировать процессы и оптимизировать их. Осваивают цифровые двойники, управление проектами и алгоритмическую разработку решений;Математика, Русский язык, Физика или Информатика или Химия;Общеобразовательный русский язык, Инженерная математика, Техническая физика;Big Data Analyst, аналитик данных, архитектор ИС, аналитик развития компании, программист беспилотных систем, системный аналитик, менеджер по развитию, программист аппаратных систем
27.03.04 — Управление в технических системах;Цель программы — подготовка квалифицированных специалистов в области метрологии и метрологического обеспечения научной деятельности и производства. Программа включает общую инженерную подготовку, углублённое изучение стандартов и практикоориентированное обучение цифровой метрологии.;IRC;Выпускники владеют электромеханикой, схемотехникой, автоматикой и программированием. Умеют диагностировать и оптимизировать системы управления, работать с микроконтроллерами и цифровыми двойниками. Развивают системное мышление, проектный подход, критический анализ и навыки управления техническими проектами;Математика, Русский язык, Физика или Информатика или Химия;Общеобразовательный русский язык, Инженерная математика, Техническая физика;Специалист по системам и средствам управления техническими объектами, инженер по автоматизации и механизации производственных процессов, специалист в области автоматизации и управления на производстве, инженер-электроник, инженер-системотехник, инженер по наладке и испытаниям, инженер по управлению и информатике в технических системах, инженер-программист, инженер технической поддержки
27.03.05 — Инноватика;Инноватика помогает раскрыть собственный потенциал студентов для реализации инновационных проектов, используя инструменты Индустрии 4.0, технологического прототипирования, VR/AR, 3D-сканирования и аддитивных технологий. Уникальный образовательный модуль — реверс-инжиниринг, в рамках которого студенты осваивают создание импортозамещающей продукции и прототипирование. Креативный компонент включает применение ТРИЗ и эвристических методов.;IEC;Выпускники владеют навыками анализа узких мест, проектирования новых процессов, 3D-печати и реверс-инжиниринга. Умеют формировать техзадания, проводить аудит, оформлять результаты исследований, управлять проектами, эффективно работать в командах и защищать интеллектуальную собственность;Математика, Русский язык, Физика или Информатика или Химия;Общеобразовательный русский язык, Инженерная математика, Техническая физика;Специалист по управлению проектами и программами, специалист по стратегическому и тактическому планированию, специалист по автоматизированным системам управления производством, специалист по интеграции бережливого производства, специалист по реверс-инжинирингу продукции, специалист по инновационному продукту, продукт-менеджер, помощник руководителя проекта, руководитель проекта, специалист дизайн-мышления, руководитель отдела развития продукта, руководитель отдела диверсификации продукта, помощник руководителя рекламной компании, бизнес-аналитик, инженер по НИОКР, инновационный менеджер, менеджер по развитию, технологический визионер, технологический брокер
27.05.02 — Метрологическое обеспечение вооружения и военной техники;Цель образовательной программы — подготовка квалифицированных специалистов в области метрологии и метрологического обеспечения научной деятельности и производства, уверенно владеющих современными цифровыми технологиями и инструментами.;CRI;Умение анализировать, синтезировать и критически осмысливать информацию. Владение процедурами поверки, калибровки и организации метрологического обеспечения. Навыки оценки эффективности решений и предотвращения несоответствий продукции требованиям.;Русский язык, Математика, Физика или Информатика или Химия;Общеобразовательный русский язык, Инженерная математика, Техническая физика;Военпред, научный сотрудник научных организаций метрологического профиля, сотрудник отдела технического контроля производственной организации, сотрудник метрологической службы организации, руководитель метрологической службы организации, руководитель сектора стандартизации. Уровень образования: специалитет
38.03.01 — Экономика (Программа: Международный бизнес);«Международный бизнес» — образовательная программа, ориентированная на подготовку специалистов в сфере внешнеэкономического предпринимательства. Обучающиеся изучают особенности транснациональной торговли, выбора зарубежных рынков, организации совместных предприятий и понимания международной законодательной базы. Программа даёт практические навыки в области экспортно-импортных операций, инвестиционной и лицензионной деятельности, консультирования и принятия решений в международной среде.;CES;Выпускники умеют анализировать экспортный и импортный потенциал организаций, проводить консультации по вопросам внешнеэкономической деятельности. Они знают законодательную базу РФ и международного права, умеют принимать управленческие решения в транснациональной бизнес-среде;Математика, Русский язык, Обществознание или Информатика или История или Иностранный язык;Общеобразовательный русский язык, Основы экономики, Основы менеджмента;Работа в компаниях, реализующих внешнеэкономическую деятельность, торгово-промышленных палатах, организациях и банках, логистических фирмах, а также в органах государственной власти и таможенных органах
38.03.01 — Экономика (Программа: Экономика предприятий и организаций);Образовательная программа направлена на подготовку специалистов, обладающих знаниями в области анализа и прогнозирования социально-экономических процессов, анализа себестоимости продукции и планирования финансовых потоков. Студенты изучают методы оценки финансового состояния предприятий, конкурентоспособности и рисков, а также осваивают цифровые технологии в экономике и основы искусственного интеллекта.;IES;Выпускники умеют собирать, обрабатывать и анализировать экономические данные для расчёта показателей, выявлять резервы и обосновывать управленческие решения. Знают нормативно-правовую базу, владеют технико-экономическим анализом и используют ИТ-инструменты для оценки финансово-хозяйственной деятельности;Математика (профильная), Русский язык, Обществознание или Информатика или История или Иностранный язык;Общеобразовательный русский язык, Основы экономики, Основы менеджмента;Финансы и экономика (в сферах: анализа и прогнозирования социально-экономических процессов и явлений на микроуровне и макроуровне в экспертно-аналитических службах, производства продукции и услуг, включая анализ спроса на продукцию и услуги, и оценку их текущего и перспективного предложения, продвижение продукции и услуг на рынок, планирование и обслуживание финансовых потоков, связанных с производственной деятельностью). Связь, информационные и коммуникационные технологии (в сфере анализа, внедрения и сопровождения информационных технологий и систем)
38.03.02 — Менеджмент;Программа позволяет получить навыки, обеспечивающие возможность работать в нескольких профессиональных областях: экономика, менеджмент, финансы, предпринимательство, информационные технологии. На пересечении этих областей в настоящее время происходит наиболее бурное технологическое и социально-экономическое развитие, что предоставляет выпускникам уникальный шанс поймать карьерную волну и добиться личного профессионального успеха.;ESC;Выпускник умеет управлять IT-проектами, организовывать коммуникации и распределение ролей в команде. Владеет навыками оценки рисков, разработки регламентов, документации и применения ИИ в профессиональной деятельности;Математика, Русский язык, Обществознание или Информатика или История или Иностранный язык;Общеобразовательный русский язык, Основы экономики, Основы менеджмента;Менеджер по информационным технологиям, Руководитель проектов в области информационных технологий, Руководитель разработки программного обеспечения, Младший программист, Управляющий проектом, Предприниматель в сфере IT, Член проектной команды, Экономист, Финансист, Специалист по бизнес-информатике
38.03.04 — Государственное и муниципальное управление;Программа ориентирована на подготовку специалистов в сфере закупок для государственных и муниципальных нужд. Обучение охватывает правовые, экономические и организационные аспекты контрактной системы, а также цифровые инструменты анализа и планирования. Студенты изучают работу органов власти, государственных учреждений и поставщиков, участвуют в проектах, направленных на повышение эффективности расходования бюджета.;CES;Выпускники умеют разрабатывать документацию для государственных закупок, работать с реестрами контрактов, анализировать поставщиков, планировать бюджетные закупки. Осваивают методы финансовой и экономической оценки, статистический анализ, управление проектами, а также технологии больших данных и автоматизации;Обществознание, Русский язык, Математика или История или Иностранный язык;Общеобразовательный русский язык, Основы экономики, Основы менеджмента;Госслужащий, контрактный управляющий, специалист по госзакупкам, менеджер по закупкам, специалист государственного и муниципального управления, аналитик по закупкам, координатор проектов в сфере закупок, специалист по мониторингу и аудиту закупок
38.03.05 — Бизнес-информатика;Образовательная программа направлена на формирование практического опыта в сфере управления информационными ресурсами, совершенствования бизнес-процессов, проектирования бизнес-моделей и решения задач бизнеса с помощью информационных технологий.;IER;Выпускник умеет организовывать создание и анализ контента, оценивать потребности пользователей, вести отчетность по сайту, анализировать большие данные. Владение интернет-маркетингом, техпредпринимательством, современными ИТ-методами и инструментами;Математика, Русский язык, Обществознание или История или Информатика;Общеобразовательный русский язык, Основы экономики, Основы менеджмента;SMM-специалист, специалист по информационным ресурсам, специалист по информационным технологиям, бизнес-аналитик
38.05.01 — Экономическая безопасность;В условиях трансформации экономики России направление «Экономическая безопасность» остаётся востребованным и значимым. Программа формирует комплексное понимание экономических процессов и их связи с безопасностью государства и бизнеса. Специалисты обеспечивают эффективное функционирование государственных и коммерческих организаций, включая малый и средний бизнес. Цель — подготовка квалифицированных кадров, способных управлять рисками, выявлять угрозы и предотвращать экономические преступления. Студенты осваивают финансовый менеджмент, аналитику данных, макро- и микроэкономику, правовые аспекты и методы противодействия экономическим угрозам. Обучение сочетает теорию с практикой — кейсы, моделирование и ситуационный анализ.;IER;Выпускники владеют методами анализа рисков, противодействия мошенничеству, экономического моделирования и кибербезопасности. Умеют готовить аналитические отчёты, принимать решения в условиях неопределённости, управлять проектами и обрабатывать большие массивы информации;Математика, Русский язык, Обществознание или История или Информатика;Общеобразовательный русский язык, Основы экономики, Основы менеджмента;Аналитик финансовой безопасности, специалист по финансовому мониторингу, специалист по экономической безопасности, аудитор, эксперт по управлению рисками, сотрудник правоохранительных и налоговых органов, эксперт в судебно-экономических центрах, специалист в банках и страховых компаниях. Уровень образования: специалитет
38.05.02 — Таможенное дело;Выпускники, освоившие программу по направлению подготовки 38.05.02 «Таможенное дело», Таможенное регулирование внешнеэкономической деятельности, могут осуществлять профессиональную деятельность в сферах: предоставления государственных таможенных услуг, защиты национальной безопасности государств-членов Евразийского экономического союза, таможенного сопровождения экспортных и импортных поставок, осуществления внешнеэкономической деятельности. Выпускники могут претендовать на должности сотрудников таможенных органов, работников компаний околотаможенной сферы (таможенных представителей), компаний-участников внешнеэкономической деятельности.;ESC;Формируются навыки анализа внешнеэкономической деятельности, оценки международных рынков, критического мышления и цифровых инструментов в таможенном контроле. Студенты учатся проводить переговоры и разрешать конфликтные ситуации;Русский язык, Обществознание, Информатика или Иностранный язык;Общеобразовательный русский язык, Основы экономики, Основы менеджмента;Таможенный инспектор, декларант, специалист по таможенным операциям, менеджер по внешнеэкономической деятельности, специалист по международным перевозкам, таможенный аналитик. Уровень образования: специалитет
40.03.01 — Юриспруденция (Программы: гражданское право, уголовное право, государственное право, общая направленность);Программа готовит специалистов в области российского права, способных профессионально разрабатывать и применять правовые нормы, обеспечивать законность, правопорядок и правовую защиту физических и юридических лиц. Включает фундаментальную юридическую подготовку, изучение механизмов правоприменения, судебной защиты, нормотворчества и консультирования. В учебный процесс интегрированы прикладные дисциплины, отражающие современные юридические практики и требования рынка — от гражданских споров и уголовных дел до публичного права и нотариата.;ICS;Анализ нормативно-правовых актов и судебной практики. Применение механизмов правовой защиты и консультирования. Подготовка юридических документов, участие в судебных процессах. Владение правовыми ИТ-инструментами. Навыки ведения переговоров, оценки доказательств и подготовки правовых заключений;Русский язык, История или Обществознание или Иностранный язык или Информатика;Общеобразовательный русский язык, Основы теории права, Основы теории госудраства;Юрист, адвокат, юрисконсульт, секретарь суда, помощник судьи, помощник адвоката, помощник нотариуса, юрисконсульт, корпоративный юрист, специалист органов соцобеспечения, следователь, дознаватель, оперуполномоченный, специалист по операциям с недвижимостью (риэлтор, агент, брокер), эксперт по конкурентному праву, юрист в фирмах, государственных органах и правоохранительной системе
41.03.05 — Международные отношения;Программа ориентирована на подготовку специалистов в сфере международных отношений, внешней политики и внешнеэкономических связей. Обучение включает изучение дипломатических и экономических процессов, международного права, мировой экономики и геополитики. Акцент сделан на формирование навыков взаимодействия с иностранными структурами — как государственными, так и коммерческими. Студенты изучают иностранные языки, участвуют в проектной и исследовательской деятельности, получают навыки аналитики, делового общения и сопровождения международных проектов.;IES;Способны участвовать в реализации проектов международного уровня, вести переговоры, собирать и анализировать информацию по внешнеполитическим и внешнеэкономическим вопросам. Обладают компетенциями в области международного права, дипломатии и экономической дипломатии, умеют систематизировать данные, готовить экспертные материалы и работать в международных организациях;Русский язык, Математика, История или Обществознание или Иностранный язык или Информатика;Общеобразовательный русский язык, Международные отношения, Мировая экономика;Специалист по международным отношениям, сотрудник МИД РФ и его подразделений, специалист в ТПП РФ и международных отделах компаний, помощник атташе, консульский работник, аналитик международных рынков, координатор международных проектов, сотрудник международного департамента органов власти, журналист международного отдела, специалист по международному сотрудничеству, сотрудник отдела внешнеэкономических связей и дипломатии
42.03.01 — Реклама и связи с общественностью;Высшее образование по профилю 42.03.01 (02) «Реклама и связи с общественностью в коммерческой сфере» предусматривает приобретение актуальных знаний и умений, так как специалист в области рекламы и PR – одна из тех профессий, которая сочетает в себе экономическую и творческую стороны. Сегодня это востребованный на рынке труда профессионал широкого профиля, который создает рекламные и PR-тексты, разрабатывает маркетинговые, рекламные и PR-стратегии для бизнеса, государственных структур, общественных организаций, создает медиапроекты и информационные поводы, формирует имидж компании и общественное мнение, владеет навыками продвижения товаров в Интернете, работает с системами контекстной рекламы, организует работу отдела рекламы и пресс-службы.;AES;Выпускники умеют сегментировать целевую аудиторию, разрабатывать рекламные кампании, использовать цифровые и социальные медиа. Осваивают брендинг, маркетинговые исследования и управление репутацией;Обществознание, Русский язык, История или Иностранный язык или Информатика;Общеобразовательный русский язык, Социогуманитарные науки, Социально-коммуникационные науки;Специалист по рекламе, PR-менеджер, бренд-менеджер, контент-менеджер, маркетолог, SMM-менеджер, менеджер по связям с общественностью. Возможна работа в рекламных агентствах, отделах маркетинга, медиа и коммуникационных компаниях
43.03.02 — Туризм;Практико-ориентированное обучение — ключевой принцип подготовки бакалавров направления «Туризм». Основное внимание уделяется ознакомительной и производственной практике в туристических и гостиничных организациях. Студенты получают опыт работы с экскурсионными маршрутами, туристическими продуктами и сервисами. Программа сотрудничает с крупнейшими отелями и туристическими фирмами Санкт-Петербурга, обеспечивая высокий уровень подготовки.;ESC;Студенты изучают культуру и искусство в контексте экскурсионной деятельности. Получают навыки в области сервиса и предоставления персональных услуг, а также проектирования туристских маршрутов. Осваивают принципы формирования и продвижения туристического продукта, управление объектами туринфраструктуры;История, Русский язык, Обществознание или Иностранный язык;Общеобразовательный русский язык, Социально-коммуникационные науки, Социогуманитарные науки;Турагент, туроператор, управляющий туристическим проектом, гид, экскурсовод, аниматор, организатор развлекательных программ, координатор конференций, сотрудник отеля, специалист информационного туристического центра, сотрудник круизной или авиакомпании, предприниматель в сфере туризма
43.03.03 — Гостиничное дело;Программа направлена на подготовку специалистов, способных организовывать и обеспечивать эффективную работу гостиничных комплексов и предприятий размещения. Обучение включает изучение законодательства РФ в сфере гостеприимства, основ организации и управления гостиничным бизнесом, работы с персоналом, а также взаимодействия с клиентами и представителями различных культур. Особое внимание уделяется практическому обучению и приобретению навыков в реальных гостиничных условиях.;CES;Выпускники умеют организовывать и контролировать деятельность гостиниц, взаимодействовать с клиентами и партнёрами, управлять персоналом и оценивать качество сервиса. Осваивают методы переговоров, конфликтологии, мотивации сотрудников и коммуникации в бизнес-среде;Русский язык, Обществознание, История или Иностранный язык;Общеобразовательный русский язык, Социогуманитарные науки, Социально-коммуникационные науки;Руководитель/менеджер гостиничного комплекса, заместитель руководителя гостиницы, руководитель департамента гостиничного предприятия, заведующий отделом общественного питания в гостинице, директор малых средств размещения
45.03.02 — Лингвистика;Программа готовит специалистов в области перевода и локализации в соответствии с актуальными профессиональными стандартами. Обучение фокусируется на автоматизации перевода, аудиодескрипции, анализе текстов и исправлении смысловых и логических ошибок. Студенты участвуют в переводческих проектах, научных исследованиях и развивают навыки профессиональной коммуникации.;IAC;Выпускники умеют применять технологии автоматизации перевода и аудиодескрипции, проводить переводческий анализ текста и устранение дефектов. Обладают навыками информационного поиска, работы с заказчиком и научного редактирования.;Русский язык, Иностранный язык, История или Обществознание;Общеобразовательный русский язык, Социогуманитарные науки, Социально-коммуникационные науки;Лингвист-переводчик, переводчик-консультант по качеству, менеджер переводческих проектов, переводчик-локализатор, редактор технической литературы, редактор перевода под субтитры, войсовер, дубляж, редактор письменных переводов
51.03.01 — Культурология;Цифровая культура — это область на стыке гуманитарных знаний и современных цифровых технологий. Программа включает изучение истории искусства, культурологии, нейросетей, 3D-моделирования, технологий дополненной и виртуальной реальности, а также искусственного интеллекта. Практика проходит в музеях и культурных учреждениях, а также в формате видеопутешествий по крупнейшим арт-центрам мира. Обучение ориентировано на креатив и практическое применение цифровых технологий в сфере культуры и искусства.;ASC;Выпускник умеет проектировать цифровые экскурсии и объекты визуальной информации. Осваивает ИИ, 3D-графику, VR/AR и мультимедийные технологии. Обладает навыками визуализации, создания цифровых ресурсов, консультирования по ИТ в культуре;Обществознание, Русский язык, История или Иностранный язык;Общеобразовательный русский язык, Социогуманитарные науки, Социально-коммуникационные науки;Разработчик цифровых экскурсионных маршрутов, разработчик взаимодействия с ИИ в цифровой культуре, аналитик документации, разработчик визуальных эффектов, UI/UX-дизайнер, разработчик VR/AR-проектов, специалист по мультимедийному сопровождению, консультант по цифровому искусству, специалист по цифровой трансформации в культуре